<?xml version="1.0" encoding="UTF-8"?>
<!DOCTYPE suite SYSTEM "http://testng.org/testng-1.0.dtd">
<suite name="Suite" parallel="tests">
  <test name="firefoxTestCases">
      <parameter name="browser" value="firefox"/>
      <classes>
          <class name="test.appium.crossBrowser"/>
      </classes>
  </test> <!-- Test -->
  
  <test name="chromeTestCases">
      <parameter name="browser" value="chrome"/>
      <classes>
          <class name="test.appium.crossBrowser"/>
      </classes>
  </test> <!-- Test -->
  
</suite> <!-- Suite -->
